{
  "standard": {
    "gpt2_embd=256_layer=12_head=8": {
      "mean": [
        16.279136657714844,
        17.02922248840332,
        16.250720977783203,
        16.480731964111328,
        16.271350860595703,
        15.82323932647705,
        18.948673248291016,
        16.515926361083984,
        15.597813606262207,
        15.183069229125977,
        17.409242630004883,
        16.594173431396484,
        16.979999542236328,
        18.15135383605957,
        17.59203338623047,
        16.16018295288086,
        15.485151290893555,
        16.150840759277344,
        15.202837944030762,
        16.650920867919922,
        15.784350395202637,
        16.040884017944336,
        17.6993465423584,
        16.44876480102539,
        16.120159149169922,
        16.401836395263672,
        17.13993263244629,
        16.443527221679688,
        17.57437515258789,
        17.67281723022461,
        15.499685287475586,
        16.567209243774414,
        17.497800827026367,
        16.441261291503906,
        17.555130004882812,
        16.595117568969727,
        17.476768493652344,
        17.52046775817871,
        16.67870330810547,
        16.392963409423828,
        17.50710678100586
      ],
      "std": [
        27.263608932495117,
        32.18753433227539,
        38.94144058227539,
        29.444339752197266,
        28.618867874145508,
        27.924386978149414,
        33.17146682739258,
        28.912254333496094,
        28.98777198791504,
        28.120750427246094,
        31.489910125732422,
        29.08116912841797,
        34.93362045288086,
        33.96134567260742,
        31.90792465209961,
        28.6828556060791,
        26.893089294433594,
        28.027589797973633,
        27.462032318115234,
        34.72743606567383,
        27.755565643310547,
        28.666866302490234,
        33.24003219604492,
        26.75044822692871,
        28.561418533325195,
        29.046123504638672,
        31.124536514282227,
        29.316741943359375,
        32.75273132324219,
        31.47574806213379,
        26.71268081665039,
        29.45531463623047,
        32.976966857910156,
        29.917613983154297,
        35.4449577331543,
        32.58476638793945,
        31.748802185058594,
        33.14814376831055,
        29.37602424621582,
        29.132848739624023,
        32.16475296020508
      ],
      "bootstrap_low": [
        15.065496444702148,
        15.589167594909668,
        14.532017707824707,
        15.152631759643555,
        14.9631929397583,
        14.55756664276123,
        17.499279022216797,
        15.148908615112305,
        14.307388305664062,
        13.979220390319824,
        16.011667251586914,
        15.305273056030273,
        15.43604564666748,
        16.719615936279297,
        16.065486907958984,
        14.849454879760742,
        14.313262939453125,
        14.919303894042969,
        14.02216911315918,
        15.208038330078125,
        14.539644241333008,
        14.738321304321289,
        16.232067108154297,
        15.280570983886719,
        14.87437629699707,
        15.043355941772461,
        15.819561958312988,
        15.160390853881836,
        16.200515747070312,
        16.28041648864746,
        14.332013130187988,
        15.231066703796387,
        16.071578979492188,
        15.08180046081543,
        16.05153465270996,
        15.233217239379883,
        16.101491928100586,
        16.107555389404297,
        15.360845565795898,
        15.093416213989258,
        16.04877281188965
      ],
      "bootstrap_high": [
        17.62069320678711,
        18.617116928100586,
        18.13161849975586,
        17.90876579284668,
        17.661396026611328,
        17.254777908325195,
        20.483112335205078,
        17.87232780456543,
        16.921123504638672,
        16.514293670654297,
        18.91861915588379,
        17.959598541259766,
        18.7491455078125,
        19.831558227539062,
        19.05961799621582,
        17.462543487548828,
        16.745014190673828,
        17.37189292907715,
        16.46072769165039,
        18.33745765686035,
        17.082592010498047,
        17.387361526489258,
        19.325578689575195,
        17.674198150634766,
        17.524198532104492,
        17.74691390991211,
        18.57870864868164,
        17.82436180114746,
        19.167030334472656,
        19.210834503173828,
        16.690898895263672,
        17.87630844116211,
        18.872230529785156,
        17.87533187866211,
        19.236846923828125,
        18.017724990844727,
        18.929763793945312,
        18.998126983642578,
        18.049861907958984,
        17.7816219329834,
        18.99625587463379
      ]
    },
    "OLS_driver=None": {
      "mean": [
        14.391885757446289,
        13.938769340515137,
        15.170741081237793,
        15.483831405639648,
        15.420083999633789,
        14.012660026550293,
        15.353471755981445,
        15.69709300994873,
        15.29113483428955,
        16.85675048828125,
        16.813016891479492,
        17.82047462463379,
        20.846723556518555,
        21.655414581298828,
        24.1844482421875,
        28.467784881591797,
        37.73286819458008,
        59.808082580566406,
        94.8515853881836,
        274.4532470703125,
        25431.50390625,
        461.1647033691406,
        199.0792694091797,
        59.15483474731445,
        38.97681427001953,
        39.5606575012207,
        31.748851776123047,
        30.899707794189453,
        26.126083374023438,
        23.15987205505371,
        21.21279525756836,
        19.101272583007812,
        16.314912796020508,
        16.820858001708984,
        15.0084867477417,
        15.097528457641602,
        13.505953788757324,
        17.35000228881836,
        13.066424369812012,
        13.524709701538086,
        13.162145614624023
      ],
      "std": [
        29.236703872680664,
        27.211578369140625,
        27.98203468322754,
        32.65091323852539,
        30.947751998901367,
        26.671791076660156,
        30.894899368286133,
        37.479915618896484,
        36.85702133178711,
        41.09103775024414,
        37.91069793701172,
        44.524681091308594,
        52.4317512512207,
        68.60750579833984,
        68.69487762451172,
        83.47834777832031,
        128.66920471191406,
        246.1398468017578,
        427.5986633300781,
        1921.2086181640625,
        390200.875,
        3866.09765625,
        4383.6572265625,
        224.92906188964844,
        133.79812622070312,
        178.21524047851562,
        117.00972747802734,
        96.749267578125,
        103.0506362915039,
        73.65137481689453,
        59.072654724121094,
        55.371070861816406,
        40.37574768066406,
        51.07896423339844,
        45.36663818359375,
        50.3557014465332,
        35.917076110839844,
        78.39437866210938,
        37.75535583496094,
        34.683074951171875,
        36.433265686035156
      ],