{
  "standard": {
    "gpt2_embd=128_layer=12_head=8": {
      "mean": [
        5.998286724090576,
        6.026759624481201,
        6.324131965637207,
        6.284876823425293,
        6.0981764793396,
        6.451693058013916,
        5.683021068572998,
        6.345536231994629,
        6.27438497543335,
        6.5994672775268555,
        5.819259166717529
      ],
      "std": [
        9.559866905212402,
        10.648392677307129,
        10.361184120178223,
        9.892389297485352,
        12.370361328125,
        10.848015785217285,
        9.871049880981445,
        11.335116386413574,
        13.11462116241455,
        13.63719654083252,
        10.57737922668457
      ],
      "bootstrap_low": [
        5.5733442306518555,
        5.5418596267700195,
        5.867108345031738,
        5.8247575759887695,
        5.562745094299316,
        5.985781669616699,
        5.252220153808594,
        5.844817638397217,
        5.695138454437256,
        5.999299049377441,
        5.374660968780518
      ],
      "bootstrap_high": [
        6.428674221038818,
        6.528736114501953,
        6.8252973556518555,
        6.7503790855407715,
        6.670640468597412,
        6.948310852050781,
        6.168686389923096,
        6.870125770568848,
        6.895509243011475,
        7.249920845031738,
        6.342650890350342
      ]
    },
    "OLS_driver=None": {
      "mean": [
        3.9860076904296875,
        3.7469143867492676,
        3.990164279937744,
        4.6747636795043945,
        14.302024841308594,
        13776.6748046875,
        329.39764404296875,
        9.30012321472168,
        4.710169792175293,
        3.607686996459961,
        3.3265647888183594
      ],
      "std": [
        8.743125915527344,
        9.814838409423828,
        15.213529586791992,
        14.029952049255371,
        147.48495483398438,
        309434.75,
        11002.525390625,
        65.58990478515625,
        19.008726119995117,
        14.069361686706543,
        11.579583168029785
      ],
      "bootstrap_low": [
        3.5917270183563232,
        3.331108808517456,
        3.3301990032196045,
        4.018961429595947,
        8.896230697631836,
        1126.271728515625,
        16.110050201416016,
        6.715193271636963,
        3.88859486579895,
        2.9860148429870605,
        2.8135387897491455
      ],
      "bootstrap_high": [
        4.386564254760742,
        4.194096565246582,
        4.8686652183532715,
        5.339807033538818,
        21.66126823425293,
        30082.71484375,
        944.6485595703125,
        12.484694480895996,
        5.6857733726501465,
        4.302924633026123,
        3.9047768115997314
      ]
    },
    "NN_n=3_uniform": {
      "mean": [
        4.020618438720703,
        6.22528076171875,
        4.010196208953857,
        4.002715110778809,
        4.023360252380371,
        3.4510321617126465,
        3.133601665496826,
        3.210305690765381,
        3.254169464111328,
        2.471158981323242,
        2.747183084487915
      ],
      "std": [
        8.399539947509766,
        13.020501136779785,
        8.027145385742188,
        7.956836223602295,
        11.171286582946777,
        8.618289947509766,
        8.502388954162598,
        14.710848808288574,
        15.222183227539062,
        5.593921184539795,
        7.635412216186523
      ],
      "bootstrap_low": [
        3.646893262863159,
        5.648039817810059,
        3.6226890087127686,
        3.633845090866089,
        3.555830478668213,
        3.0829567909240723,
        2.7611873149871826,
        2.65584135055542,
        2.6629388332366943,
        2.234299898147583,
        2.4337706565856934
      ],
      "bootstrap_high": [
        4.404787540435791,
        6.857224941253662,
        4.3884429931640625,
        4.384494781494141,
        4.571744441986084,
        3.8826351165771484,
        3.5593905448913574,
        4.0041985511779785,
        4.0487775802612305,
        2.7354304790496826,
        3.1152186393737793
      ]
    },
    "averaging": {
      "mean": [
        3.835458278656006,
        27.78995704650879,
        15.321406364440918,
        9.828227043151855,
        7.801011562347412,
        6.9663286209106445,
        7.355950355529785,
        5.995029926300049,
        5.433149814605713,
        4.8631439208984375,
        4.988467216491699
      ],
      "std": [
        9.539725303649902,
        196.9695281982422,
        75.27094268798828,
        30.723867416381836,
        29.079072952270508,
        20.72992706298828,
        22.08745574951172,
        18.796554565429688,
        14.99323844909668,
        13.809941291809082,
        17.4167423248291
      ],
      "bootstrap_low": [
        3.412127733230591,
        20.509910583496094,
        12.154074668884277,
        8.549123764038086,
        6.526467800140381,
        6.051109790802002,
        6.369153022766113,
        5.141114234924316,
        4.783658027648926,
        4.200603008270264,
        4.236876487731934
      ],
      "bootstrap_high": [
        4.276279926300049,
        37.300662994384766,
        19.386621475219727,
        11.237276077270508,
        9.317298889160156,
        7.986817836761475,
        8.36605453491211,
        6.830142021179199,
        6.176738739013672,
        5.484915733337402,
        5.8003249168396
      ]
    }
  }
}