{
  "standard": {
    "gpt2_embd=128_layer=12_head=8": {
      "mean": [
        5.227802276611328,
        4.827447891235352,
        4.528982639312744,
        4.758832931518555,
        5.119853496551514,
        4.463475227355957,
        4.360260963439941,
        5.028139591217041,
        4.839665412902832,
        4.7959184646606445,
        4.81002140045166
      ],
      "std": [
        10.998814582824707,
        9.566917419433594,
        8.533308982849121,
        9.856825828552246,
        13.490011215209961,
        9.665658950805664,
        9.320969581604004,
        10.593757629394531,
        10.911857604980469,
        9.152195930480957,
        9.340986251831055
      ],
      "bootstrap_low": [
        4.77302885055542,
        4.396217346191406,
        4.142609596252441,
        4.302575588226318,
        4.5473408699035645,
        4.0267744064331055,
        3.9720675945281982,
        4.560715675354004,
        4.3778510093688965,
        4.389372825622559,
        4.392293930053711
      ],
      "bootstrap_high": [
        5.725069522857666,
        5.3063859939575195,
        4.9336042404174805,
        5.211380958557129,
        5.775301933288574,
        4.895275592803955,
        4.775785446166992,
        5.514498710632324,
        5.3231682777404785,
        5.257721900939941,
        5.278371334075928
      ]
    },
    "OLS_driver=None": {
      "mean": [
        4.323755741119385,
        4.137941837310791,
        4.4612226486206055,
        5.711587429046631,
        23.09274673461914,
        13918.1826171875,
        33.206573486328125,
        11.29909896850586,
        6.996824741363525,
        8.071830749511719,
        5.678152561187744
      ],
      "std": [
        11.928296089172363,
        10.07280158996582,
        10.699564933776855,
        18.201885223388672,
        258.6437683105469,
        370638.75,
        259.0965576171875,
        81.08382415771484,
        30.880245208740234,
        71.00047302246094,
        23.08165740966797
      ],
      "bootstrap_low": [
        3.8151466846466064,
        3.713179111480713,
        3.9895966053009033,
        4.936770439147949,
        13.13024616241455,
        1902.584228515625,
        22.935508728027344,
        8.063536643981934,
        5.7900495529174805,
        5.24777889251709,
        4.681640148162842
      ],
      "bootstrap_high": [
        4.908935070037842,
        4.6427083015441895,
        4.956835746765137,
        6.567877769470215,
        37.774559020996094,
        34138.88671875,
        46.65717315673828,
        15.309954643249512,
        8.47767162322998,
        11.389653205871582,
        6.791808128356934
      ]
    },
    "NN_n=3_uniform": {
      "mean": [
        4.221081733703613,
        5.7830681800842285,
        4.323987007141113,
        4.113059997558594,
        3.4671432971954346,
        2.8455896377563477,
        2.966379165649414,
        2.750403881072998,
        2.5570266246795654,
        2.54828143119812,
        2.3142764568328857
      ],
      "std": [
        9.432015419006348,
        11.378944396972656,
        9.618322372436523,
        12.05751895904541,
        6.906682968139648,
        6.319156646728516,
        6.447561264038086,
        6.436523914337158,
        5.387517929077148,
        7.323512077331543,
        5.598374843597412
      ],
      "bootstrap_low": [
        3.800565719604492,
        5.281989097595215,
        3.8824303150177,
        3.594984769821167,
        3.1633777618408203,
        2.5477802753448486,
        2.682236433029175,
        2.4599623680114746,
        2.318074941635132,
        2.2229576110839844,
        2.0737082958221436
      ],
      "bootstrap_high": [
        4.647648811340332,
        6.338129997253418,
        4.780376434326172,
        4.709015369415283,
        3.7954318523406982,
        3.1402382850646973,
        3.2785186767578125,
        3.061746597290039,
        2.7894320487976074,
        2.912224292755127,
        2.5649044513702393
      ]
    },
    "averaging": {
      "mean": [
        4.309138774871826,
        33.04448699951172,
        19.374454498291016,
        12.16314697265625,
        8.564515113830566,
        7.574158668518066,
        7.025311470031738,
        6.555871486663818,
        5.921640872955322,
        6.014980316162109,
        4.936021327972412
      ],
      "std": [
        11.94324779510498,
        237.62049865722656,
        115.09046173095703,
        39.30171585083008,
        24.188058853149414,
        21.48355484008789,
        17.69222068786621,
        18.89165687561035,
        18.00594139099121,
        22.67513656616211,
        14.322857856750488
      ],
      "bootstrap_low": [
        3.799095869064331,
        23.77230453491211,
        14.664283752441406,
        10.461091995239258,
        7.529033660888672,
        6.645224571228027,
        6.241506099700928,
        5.7174153327941895,
        5.0795488357543945,
        5.019292831420898,
        4.286725044250488
      ],
      "bootstrap_high": [
        4.9392194747924805,
        44.60917282104492,
        25.168270111083984,
        14.079492568969727,
        9.729791641235352,
        8.553230285644531,
        7.839291572570801,
        7.458468437194824,
        6.793879508972168,
        7.1917009353637695,
        5.66977071762085
      ]
    }
  }
}